User	Followers	Following	Verified	Biography
minabonino	716406	233	True	Periodista deportivoQuilmeÃ±a
sol.macaluso	259763	2043	True	@telecincoes @mediasetcomğŸ‘‰ğŸ½Repre: sol@thinketers.comğŸ’ŒColaboraciones digitales:solmacalusolikeu@megamedia.es
eri_chope	326538	252	True	NO TENGO TWITTER â˜†
letsvanquish	1733	400	False	Sports & esports Marketing Agency.        Working all around the world ğŸ‡¦ğŸ‡· ğŸ‡ªğŸ‡¸ ğŸ‡®ğŸ‡¹ ğŸ‡¨ğŸ‡³ ğŸ‡¬ğŸ‡§ ğŸ‡²ğŸ‡½ ğŸ‡ºğŸ‡¸ ğŸ‡§ğŸ‡· ğŸ‡«ğŸ‡· ğŸŒContact: bemyguest@letsvanquish.com
federico.titone	25393	1215	False	ğ˜ğ˜³ğ˜¦ğ˜¦ğ˜­ğ˜¢ğ˜¯ğ˜¤ğ˜¦ ğ˜—ğ˜©ğ˜°ğ˜µğ˜°ğ˜¨ğ˜³ğ˜¢ğ˜±ğ˜©ğ˜¦ğ˜³ â£â£@ftitonephotos â£â£Â©ğŸ“MadridğŸ‡ªğŸ‡¸/ ğŸ  RomağŸ‡®ğŸ‡¹â£
guchicaniglia	92526	894	False	Bautista â™›ğŸ‘¦ğŸ½âš½ï¸MÃ­a â™›ğŸ‘§ğŸ½ğŸ‘‘Alba â™›ğŸ‘¶ğŸ¼ğŸ€
rafaelcotelo	150954	1668	True	Afortunado en los grandes temas de la vida, flor de desgraciado en la cortita.
marcoasensio10	14657756	263	True	Official Account Facebook and Twitter: @marcoasensio10
paddy.8	265799	790	True	Healthy mind ğŸ§  healthy boDDYğŸ¤¸ğŸ½â€â™€ï¸& healthy goals for me and for you ğŸ¤ Owner of @boddy______ ğŸ–¤Owner of @paddy.ness ğŸ¥‘Check my Attractive wear ğŸ‘‡ğŸ»
lucasvazquez91	15501469	551	True	Jugador del @realmadrid âšªï¸@adidas ğŸ‘Ÿ
lukamodric10	25295521	498	True	@realmadrid football player. @hns_cff team captain.#TheBestThingsNeverComeEasy
infoquilmes	69147	476	False	Seguinos y enterate de todo lo que pasa en Quilmes
danphto	441231	523	True	- ğ’•ğ’‰ğ’“ğ’ğ’–ğ’ˆğ’‰ ğ’ğ’š ğ’†ğ’šğ’†ğ’” - ğŸ“ Madrid, Spain âœ‰ï¸ danphto@youplanet.esğŸ’­ TikTok: Danphto
rombai	1586745	1315	True	Entradas Antel Arena Uruguay y Opera Buenos Aires ğŸ‘‡ğŸ¼ ğŸ‡ºğŸ‡¾ ğŸ‡¦ğŸ‡·
loreleitaron	1111635	1254	True	ğŸ¡ Donde estÃ©n ellos @falcao ğŸ‘§ğŸ¼ğŸ‘§ğŸ¼ğŸ‘§ğŸ¼ğŸ‘¶ğŸ¼ğŸ‘©ğŸ¼â€ğŸ’» Agencia @onthegogroup ğŸ’«Mi Blog ğŸ‘‡ğŸ“„www.loreleitaron.com
swmexclusive	113029	7469	True	ğ“ğ¡ğ ğ¨ğŸğŸğ¢ğœğ¢ğšğ¥ ğˆğ§ğ¬ğ­ğšğ ğ«ğšğ¦ ğšğœğœğ¨ğ®ğ§ğ­ ğ¨ğŸ ğ’ğ–ğŒ ğ”„ğ”±ğ”¥ğ”©ğ”¢ğ”±ğ”¢ ğ¦ğğğ¢ğš, ğ”©ğ”²ğ”µğ”²ğ”¯ğ”¶ ğ¦ğšğ ğšğ³ğ¢ğ§ğ, ğ”Ÿğ”¯ğ”ğ”«ğ”¡ ğ¦ğšğ«ğ¤ğğ­ğ¢ğ§ğ  ğšğ§ğ ğ ğ¥ğ¨ğ›ğšğ¥ ğ”©ğ”¦ğ”£ğ”¢ğ”°ğ”±ğ”¶ğ”©ğ”¢ ğ¦ğšğ§ğšğ ğğ¦ğğ§ğ­.@swm.vip ğŸğ¨ğ« ğšğ¥ğ¥ ğ•ğˆğ ğœğ¥ğ¢ğğ§ğ­ğ¬
casemiro	17624938	676	True	CEO @caseesports ğŸ®Facebook: Facebook.com/Casemiro92
helisuarez	1224	814	False	Mis amigos me llaman HeliğŸ£ğŸ·ğŸ¾ Barolo
mel.canizares	7235	594	False	MamÃ¡ de Leo y Lucas |ğŸ‘¦ğŸ»ğŸ‘¶ğŸ¼â™¥ï¸ @joselumato Madrid ğŸ‡ªğŸ‡¸  Barcelona ğŸ“
edermilitao	4005607	921	True	Brasileiro ğŸ‡§ğŸ‡·/ ğŸ“Real Madrid ğŸ‡ªğŸ‡¸
dani.carvajal.2	7354062	420	True	Cuenta oficial.Jugador del @realmadrid ğŸ¤ y @sefutbol ğŸ‡ªğŸ‡¸.Twitter: @danicarvajal92
lorenaamanas	67320	187	True	Soy todo lo que aquÃ­ no verÃ¡s.
lorenagomez_	352755	1056	True	â¬‡ï¸YA DISPONIBLEâ¬‡ï¸
enzoalvesv	754964	517	True	@realmadrid @groupdoze@adidas*managed by my parents
marcelotwelve	59118157	1948	True	WE ARE @groupdoze@adidas | Athlete @academy12 | Founder
valucervantes	33849	892	False	Mama de OliviağŸ§¸ğŸ¤     ğ™°ğš›ğšğšğš—ğšğš’ğš—ğšŠ ğŸ‡¦ğŸ‡·ğŸ“ğ™»ğš’ğšœğš‹ğš˜ğšŠ, ğ™¿ğš˜ğš›ğšğšğšğšŠğš•ğŸ‡µğŸ‡¹
theliveitup	13609	988	False	See you on my Instagram
anagalochaf	6248	1127	False	L&L ğŸ‘¦ğŸ¼ ğŸ‘¦ğŸ»ğŸ¶ğŸ§”ğŸ»ğŸ‘©ğŸ»mi FamilyğŸ¤                         Mi nuevo perfil artÃ­stico @anagalocha_colores ğŸ¨
claricealves	667310	1325	True	@aleighthouse                                                          @destaqueimageminfo@claricealves.com
pablitolescanook	1793523	315	True	Contrataciones al whats 1150058381 mail: ventasdsgs@gmail.com
433	52049894	2435	True	The Home of Football ğŸ âš½â£â£â£â£â€ƒğŸ‘‡ 433 Podcast ğŸ™
minimal__architecture_	173997	122	False	Join the family and receive daily minimalist posts â€”â€”â€”â€”â€”â€”â€”â€”â€”â€”â€”â€”â€”â€”â€œ Every good project starts with inspiration â€œâ€”â€”â€”â€”â€”â€”â€”â€”â€”â€”â€”â€”â€”â€”#minimalarchitecture
josemariagimenez	1020108	439	True	R E S I L I E N C I ANacido el 20 de enero de 1995. Soy de Toledo en Canelones, Uruguay.
vanesabritos	406141	605	True	Cantante ğŸ‡ºğŸ‡¾CONTRATACIONES:  @britos_producciones - 095 315 583 Miguel Britosâœ¨AquÃ­ mi canal de YouTube con todas mis canciones ğŸ«¶ğŸ»ğŸ’•
_vanlife_camper	144914	6177	False	Daily vanlife contentâ¤ï¸Dm for any questions/business ğŸ’¼Ambassador- @buyorsellcampers Find and Sell you camperâ¬‡ï¸
fabreuvale	33104	2100	False	elijo creer, siempre. ğŸ¤ğŸ¼Lic. en comunicaciÃ³n ğŸ™
ricardoarjona	5165023	14	True	Blanco y Negro. DÃ­ganme quÃ© hay que hacerâ€¦ para no hacerlo. ğŸ« â¬‡ï¸ #BlancoYNegroTour
macarenaolona	158190	659	True	Abogado del Estado.A vuestro servicio ğŸ‡ªğŸ‡¸
luanaatiklopes	70770	966	True	health lifestyle | vida saudÃ¡vel âœ‰ï¸ jobs: contato.luanaatiklopes@gmail.com
clandestinemood	12872	1525	False	â—¾ï¸ Clandestine Wellness Community (Madrid)â–ªï¸CLANDESTINE SPORTY PRIVATE PARTYğŸ“ ğŸ‡ªğŸ‡¸ #spain ğŸ‡ºğŸ‡¸#Miami #NYC
mishelgerzig	604077	579	True	Skipper | Traveler | Israeli ModelItm ModelsğŸ‡®ğŸ‡± Next MiamiğŸ‡ºğŸ‡¸ğŸ’™ @thibautcourtois Contact: Kayla@itmodels.co.il
_sofiherrera	41216	793	False	
aufoficial	951488	112	True	Cuenta oficial de la ğ—”ğ—¨ğ—™ y la ğ—¦ğ—²ğ—¹ğ—²ğ—°ğ—°ğ—¶ğ—¼Ìğ—» ğ—¨ğ—¿ğ˜‚ğ—´ğ˜‚ğ—®ğ˜†ğ—® ğ—±ğ—² ğ—™ğ˜‚Ìğ˜ğ—¯ğ—¼ğ—¹. #SomosElFÃºtbol #ElEquipoQueNosUne
emmamiestrellita	7632	349	False	La estrella que mÃ¡s brilla, guerrera del corazÃ³n â¤ï¸ #Hlhs Cuenta en Honor a nuestra bebÃ©.
ximena_pippo	11165	907	False	
alessandro_pera	40640	2437	True	CEO&Co-founder HAPPING, part of ASER VENTURESCelebrity pr for international fashion brands
chloe_de_launay	18171	40	False	ğ•„ğ•’ğ••ğ•£ğ•šğ•• ğŸ‘§ğŸ¼ğŸ‘¶ğŸ¼â¤ï¸
dolcegabbana	29183500	2	True	
gabidnogueira	14039	807	False	lawyer | mom | from Rio | based in Madrid
dr.alejandro.segarra	81550	995	False	Diplomado Internacional de Med EsteÌticağŸ“Barcelona y Madrid.            ğŸ“Citas/Info 930107517ClÃ­nica: @clinica.alejandro.segarra
daphnecanizares	125844	851	True	Be Good, Do Good. ğŸ’«.MamÃ¡ de MartÃ­nâ™¥ï¸Spanish/Dutch.
inmarodriguezr	74116	1351	True	Periodista deportivo en @movistarplus Pie de campo @laliga ğŸ“Madrid
cristian.gonz	6978	3879	False	Part Of @wasserman @wassermanfootball
abioliivera	48859	466	False	JosuÃ© 1:9     ğŸ‘§ğŸ»ğ“ğ“²ğ“½ğ“ªğ“·ğ“ª               ğŸ‡ºğŸ‡¾
rickyto.sarkany	349	431	False	
shaliimaar	174336	756	True	ğ™»ğš˜ğšŸğš ğŸ¤ ğŸ·. ğ™²ğš˜ğš›ğš’ğš—ğšğš‘ğš’ğšŠğš—ğšœ ğŸ·ğŸ¹:ğŸ·ğŸ¹CO-FOUNDER @ohgivi
mcm1989	80429	979	False	ğŸŒ»
morenabeltran10	1698976	1184	True	Periodista. Conductora y analista.@scespn #ESPNF90 ğŸ’šğŸ¦‹embajadora @pumaargentinaagente @rochimain
karolinel	3212232	2744	True	Tenho cara de metida atÃ© vocÃª assistir meus stories85 981973565 (Priscila) Contato@karolinel.comğŸ‡ªğŸ‡¸ | ğŸ‡§ğŸ‡·
carlota_ruiz	123914	1052	True	ğŸ“Madrid
ssandragaral	307714	682	True	sandragaral@twic.es
conmebol	1100747	244	True	FÃºtbol desde 1916.Em portuguÃªs: @conmebolbr #CreeEnGrande
ayudemosaenzo	211	18	False	Hola! Soy Enzo. Sufro epilepsia genÃ©tica Me ayudas? ğŸ™ğŸ¼â™¥ï¸Brou caja de ahorro 001416013-00002Colectivo Abitab â€œTodos por Enzoâ€ 117552
mikinucera	137643	2267	False	MamÃ¡ de SIMONEğŸ¥ğŸ’›@lasnuceğŸ‡¦ğŸ‡·BsAsTodas mis cuentas en el linkâ¤µï¸D.aduanağŸŒ Community M. ğŸ’»Estudiante de periodismoğŸ“ğ‘­ğ’–ğ’„ğ’Œ ğ’šğ’ğ’–ğ’“ ğ’ƒğ’‚ğ’… ğ’—ğ’Šğ’ƒğ’†ğ’”ğŸš«ğŸ¥Štoo blessedğŸª
agostinascalise	184075	1655	True	Periodista. Lic. en Periodismo (Universidad del Salvador) Conductora @scespn @espnfutbolarg Capricorniana Feliz! ğŸŒ¹ğŸšğŸŒ»
victorianajda	22537	1351	False	ğŸ‘§ğŸ¼MamÃ¡.ğŸŒ¸Periodista Deportivo.ğŸŒ»Viviendo en la Patagonia.
queens.sleepwear	1917	741	False	Talles realesâœ¨ğŸ’—EnvÃ­os a todo el paÃ­sğŸ‡¦ğŸ‡·ğŸ’˜ğŸššEfectivo ğŸ’µ y mercado pago ğŸ’³No vendemos por mayor!âš ï¸ğŸ“Quilmes, Buenos Aires.
camilacavallo	570952	3509	True	Bienvenue dans ma reÌaliteÌ! ğŸ’™Con mi abrojito Alma por la vida ğŸ‘¶ğŸ»Santafesina ğŸ’âœ¨Contacto ğŸ‘‰ğŸ» @talengers.ok
mariapsomerfisio	9038	1124	False	Experta en pelviperineologiÌa en @saludfemcrysdyaz by @crysdyaz .
jessica_kroos	187822	463	True	
giraltpablo	384720	2543	True	Periodista. Relator. Conductor de TV y Radio.Twitter: @giraltpablo
karudavidoff	11547	803	False	ãƒ» Bien parado o en la lona hay que ser buena personaãƒ»ğŸ‘©ğŸ»â€ğŸ“Terapia ocupacionalãƒ»ğŸ‘©ğŸ»â€ğŸ“AcompaÃ±ante TerapÃ©uticaViviendo felizğŸ¤
faustiescuderoo	4998	1043	False	ğŸ‘¦ğŸ»ğŸ‘©ğŸ»ğŸ‘¶ğŸ»ğŸ¶â¤ï¸Ò“á´Ê€á´›á´œÉ´á´‡ Ò“á´€á´ á´Ê€s á´›Êœá´‡ Ê™á´ÊŸá´…
angela.lerena	150470	1262	True	Trabajo de ir a la cancha. @tntsportsar y @tv_publica.
riverplate	6519362	133	True	Vivir y jugar con Grandeza. âšªâ™¥ï¸âšª
silvianistal	27983	4410	False	Feliz de compartir un poquito de mis dÃ­as ...ğŸ‘¨â€ğŸ‘©â€ğŸ‘¦â€ğŸ‘¦ğŸ˜˜ y con cariÃ±o: @silvianistaleventplanner
mariaroberts25	83929	2320	True	â—»ï¸Especialista en COLOR y EXTENSIONES â—½ï¸ ğŸ“Madrid - Ibizaâ—½ï¸ @studioveinticinco @studio25_boutique â–«ï¸Ambassador @dyson_es & @schwarzkopfpro.spain
safarimadridoficial	58467	835	True	Bienvenidos a la cuenta oficial de Safari MadridğŸµğŸ¦ğŸ¯ğŸºğŸ¦ğŸ»ğŸ˜ğŸŠğŸPon tus fotos usando nuestro hastag oficial #SafariMadrid
wanda_nara	15405315	1250	True	Mother of 5 ğŸ§’ğŸ¼ğŸ§’ğŸ»ğŸ§’ğŸ»ğŸ‘§ğŸ»ğŸ‘§ğŸ¼My Brandâ€™s @wandanaracosmetics âœ¨@wanda.sport @wanda.swim
maitepenio	249242	768	True	since 1991@intrusos @cnnradioargentina
sofiamonachelli	24898	2080	False	Periodista/ConductoraHoy @cronicatv con @chiche_oficialEx @libertadores - @tycsports - @telefe - @carburandotv -RadioTKMğŸ“§ monachellisof@gmail.com
marticruzmakeup	23274	2696	False	â€¢ | | Makeup Artist | | â€¢
fabianaart20	441	474	False	ğŸ‘¨â€ğŸ‘©â€ğŸ‘§â€ğŸ‘§ ğŸ¶ ğŸ¶ğŸ¶âš½ï¸ğŸ‡ºğŸ‡¾ğŸ‡ªğŸ‡¸ğŸ™
regi.iafoph	2940	30	False	De Montevideo ğŸ‡ºğŸ‡¾ ğŸ“ğŸ“¸ Madrid
yandry_nails	3652	2279	False	Servicio de manicura y pedicura.Maderoterapia, Tramientos Faciales y Peluqueria.Descubre nuestra variedad y comienza a ser parte de nosotros. âœ¨
solfarfaglia	3415	207	False	ğŸ“ğŸ‡¬ğŸ‡· GreeceğŸ‘¶ğŸ¼ Ludovico ğŸ’@tomasdevi GestioÌn y desarrollo de negocios inmobiliarios
ana.pzrz	147	725	False	
anitacaicedoh95	70732	1295	True	á´€ É´ Éª á´› á´€ ğŸ€ |  ğŸ‡²ğŸ‡½ğŸ‡¨ğŸ‡´  | âœâ™¡ | ğŸ™âš½ï¸Periodismo deportivo y humano | conoSERteStadiumtrotterğŸŸsá´É´Ê€Éªá´‡
magii.aravena	154789	1392	True	.                ğŸ”œ Lisboa                  ğŸ”œ Madrid  #magiiaravena
marcelampagano	123250	1427	True	Periodista. En Twitter @PaganoMarcela .No hay segundas oportunidades para una primera impresiÃ³n...
yerikaardila	14142	696	False	Chiquita pero grandotaBarcelonağŸ“
labarberiadeoliva	9365	372	False	ğŸŒSERVICIOS VIP POR TODO EL MUNDO (md)ğŸ“C/ Galicia 30,FuenlabradağŸ“C/ Madrid 43,Humanes ğŸ“C/Federico de la Torre 7,VillaviciosaCITAS APP â€œlatijeraâ€
sportsmoments_es	1180	36	False	Welcome to the channel of the best sports momentsBienvenidos al canal de los mejores momentos deportivos
agus.gandolfo	982010	526	True	ğŸ™‹ğŸ¼â€â™€ï¸ MamÃ¡ y emprendedora ğŸŒ±Fitness & Healthy Lifestyle Owner @coraje.milano
regi_iafolla	21855	416	False	Mama de Lauti y Lucho ğŸ’˜MdeoğŸ“Madrid                                                                                    regina@mcvagency.com
beatrizespejel	149690	1120	True	.Lifestyle .Tik Tok : @beatrizespejel   Director & Founder @internationalacademies
elenafv_pediatra	3814	610	False	Pediatra de vocacioÌn ,trabajo en @bmummadrid    #ninÌƒosfelices #pediatra #historiasdepadresehijos #ninÌƒossanos
belindabuscemi	1043	1674	False	Mami de 3.  2 en la tierra y 1 en el cielo âœ¨ï¸
buscemibeauty	6153	2453	False	ğğ”ğ’ğ‚ğ„ğŒğˆ âœ¨ EstÃ©tica y belleza  citaâ˜ï¸ 911152344 | ğŸ“±616147457ğŸ“Calle Ginzo de Limia, 26  28029
paligoycochea	15627	2271	False	Founder @hcruz.momskids
flortommasiello	11270	585	False	â€¢@biofitmza â€¢ ğŸ’™ğŸ’›ğŸ’™
agufantasia	86260	526	True	ğŸ“º ğŸ¤âš½ï¸ @tycsports
flormartinez13	22401	2745	False	
albapadibclc	176638	1709	True	IBCLC, Cofundadora de @lactapp_lactancia. Toda la info ğŸ‘‡ğŸ‘‡ğŸ‘‡ğŸ‘‡ğŸ‘‡
dra.carlaorsinipediatra	357492	1018	False	Madre de 5 ğŸ’œMÃ©dica pediatra ğŸ‡¦ğŸ‡· AcompaÃ±o infancias y cuidadores#lapediatradelosmemesHago talleres  ğŸ“š 100Â¿? y respuestas sobre crianza respetuosa
patridiazz21	150	567	False	
annamarianacasemiro	315174	511	True	ğŸ‡§ğŸ‡·ğŸ‡ªğŸ‡¸ğŸ‡¬ğŸ‡§ğŸ‘¨â€ğŸ‘©â€ğŸ‘§â€ğŸ‘¦ â¤ï¸â€ğŸ”¥@casemiro ğŸ’œSara ğŸ’šCaioğŸ“business
johaherbel	58721	909	True	Vicentaâ€™s mum - SP ğŸ’.                                                                                       ğŸ‡¦ğŸ‡· in Athens, Greece ğŸ‡¬ğŸ‡·ğŸ§¿
letirodriguezp	16901	828	False	MamaÌ de Thiago y DanielağŸ‘¨â€ğŸ‘©â€ğŸ‘§â€ğŸ‘¦.                                       Siempre contigo @vitolomperez20.
sabridimarzo	38886	175	False	MamÃ¡ de Lola y Luz ğŸ‘§ğŸ¼ğŸ‘¶ğŸ»
macacapilla89	206411	2229	True	Licenciada Ciencias de la Actividad FÃ­sica y del Deporte Diplomada Magisterio Ed.FÃ­sica
aguscilano	6123	637	False	MamÃ¡ de @silvestrechatruc
juancarlosartelino	1612	637	False	De A. Ledesma (Cba) al mundo.Periodista/Relator@24noticias @bocaesbocaoficial@tv_publica #FederalA @argentinisimatv @tangoygoles_ok@lc1am540
matipelliccioni	106188	999	True	ğŸ‡¦ğŸ‡·ğŸ‡¦ğŸ‡·ğŸ‡¦ğŸ‡·live if you want to live ğŸŒğŸğŸ›«âœŒTyC Sports ğŸ“ºğŸ™@pasoapaso_tycsports ğŸ¦@libero_tycsports ğŸ†š#23 ğŸ‘Š#EnamoradoEstoy ğŸ¬ğŸ”¥ğŸ‡®ğŸ‡¹ @hovisto_SIEMPRE AL 10 ğŸ™ŒğŸ”ŸğŸ‡¦ğŸ‡·ğŸ’™
sarasalamo	886706	1237	True	Actriz canaria.Representante: @a6cinema
nogueirafoto	278626	545	True	NogueiraFoto Â©
realmadrid	126140853	46	True	âš½ï¸ Official profile of Real Madrid C.F.ğŸ† 14 times European ChampionsğŸŒ FIFA Best Club of the 20th CenturyğŸ“± #RealFootball | ğŸ¤ #MADRIDISTAS
fiestapartykarinjimenez	43724	85	False	â¥ DecoraciÃ³n de Globosâ¥ DiseÃ±o Fiestaâ¥ Organizador de eventos By @karinjimenez91 Decoramos en toda EspaÃ±a ğŸ’Œ EscrÃ­benos y cotiza tu celebraciÃ³n ğŸ‰
karinjimenez91	756230	2858	True	MamÃ¡ ğŸ‘¶ğŸ¼ğŸ‘¶ğŸ¼ğŸ‘¶ğŸ¼, esposa y creadora de  @fiestapartykarinjimenez @maternitybykarinjimenez ğŸ’Œ contacto@karinjimenez.com ğŸ“Colombia ğŸ‡¨ğŸ‡´ EspanÌƒa
solcitorivas	629540	591	True	Cholita carnavalerağŸ‰ğŸ’™ğŸ’›ğŸ’™âš–ï¸ Abogada UNCğŸ‡¦ğŸ‡·Tiktok: solcitorivas10Twitch: solrivas
dra.carlaiacono	9626	833	False	ğŸ’«Tratamientos estÃ©ticos faciales ğŸ’« Ginecologia | Ginecologia Cosmetica âœ¨BotoxğŸ‘„Fillersâœ¨Profhiloâœ¨Radiesse|PRPğŸ“  @dras.coiro_iacono & @belladerm.ar
micafusca	123679	596	True	ğŸ‡¦ğŸ‡· Velez Sarsfield ğŸ’™
francefootball	1894441	162	True	Follow all the latest news about #ballondor, the #tropheekopa and the #tropheeyachine âš½ï¸
juli_redondo_8	1026	2601	False	ğŸ‘©ğŸ½ğŸ‘¶ğŸ½ğŸ§‘ğŸ½ğŸ¶â¤ï¸
metroadelantadook	294231	622	False	La comunidad de fÃºtbol mÃ¡s grande de Argentina.ğŸ§  @roquecolombo / @capochazo / @matedecocoğŸ“© info@unmetroadelantado.comCompra el FIFA23 acÃ¡: ğŸ‘‡ğŸ»
barberjos	3638	828	False	ğŸ“ Madrid ğŸ’ˆ Bejota Barberâ€™s   âœˆï¸  Viaja hasta que encuentres tu destino
libertadoresbr	1276212	165	True	CONMEBOL Libertadores, o torneio de futebol de maior prestÃ­gio na AmÃ©rica do Sul.ğŸ‘‰ğŸ‡ªğŸ‡¸ @libertadores ğŸ‘‰ğŸ‡¬ğŸ‡§ @thelibertadores ğŸ‘‰ğŸ‡¸ğŸ‡¦ @libertadoresarabic
fanatiztv	17419	1063	True	We live passion ğŸ¥ºğŸŸğŸ“º
paloma.calderon.ep	6840	1853	False	ğŸ‘©ğŸ½â€ğŸ“Ciencias del deporte | Master en EP y ReadaptaciÃ³n deportivağŸ¤°ğŸ½ğŸ‹ğŸ½â€â™€ï¸Especialista en Embarazo y Postparto ğŸ“Madrid-@crysdyazMamÃ¡ de Enzo â¤ï¸
crysdyaz	280686	2476	True	CEO @crysdyazandco & @saludfemcrysdyaz Ex deportista de eÌlite.Entrena online con nosotros en @class.land â¬‡ï¸â¬‡ï¸â¬‡ï¸â¬‡ï¸â¬‡ï¸â¬‡ï¸â¬‡ï¸
peckymuschietti	10875	966	False	Periodista Guionista ProductoraUna Esposa del FÃºtbol con historias para contarğŸ¤³ğŸ¼junto a @untrefmedia â¤ï¸TambiÃ©n soy Maria Silvani ğŸ™‹ğŸ»â€â™€ï¸
lucianajarqee	563	309	False	
saruugarcia_19	108393	2561	False	ğŸ‡ºğŸ‡¾ Saruugarcia@gmail.com ğŸ“©â€¢Mi marca ğŸ„ğŸ¼â€â™€ï¸ğŸ›¹ @zaragoza_zgâ€¢Embajadora @monsterenergy
melaniemoreirar	1603	365	False	Melanie â™¥ï¸
sofibalbi	1727571	485	True	DğŸ’–BğŸ’™LğŸ’™ğŸ“© sofia@luso.com.uy
noeluzardoo	17935	390	False	ğŸ“ValenciaMami de Cata ğŸ‘¶ğŸ»ğŸ€ğŸ¶ğŸ¶
btsport	2942344	136	True	At the heart of sportFor UFC highlights follow @ufcbtsportFor Boxing content follow @btsportboxing For RAW, SmackDown and NXT follow @btsportwwe
sindytorradeflo	29315	707	False	Mom of two princess ğŸ‘¸ ğŸ‡²ğŸ‡½ğŸ‡ºğŸ‡¾                                    â €â €â €â €â €â €â €â €â €â €â €â €â €â €â €â €â €â €â €â €â €â €â €â €â €â €â €â €â €â €â €â €â €â €â €â €â €â €â €â €â €
sasiita_sa	12265	965	False	ğŸ“ğ–¡ğ—ğ–¾ğ—‡ğ—ˆğ—Œ ğ– ğ—‚ğ—‹ğ–¾ğ—Œ, ğ– ğ—‹ğ—€ğ–¾ğ—‡ğ—ğ—‚ğ—‡ğ–º ğŸŒ@rrpp_carp SÉªá´‡á´á´˜Ê€á´‡ RÉªá´ á´‡Ê€ â™¡
championsleague	99025449	433	True	The official home of the #UCL on Instagram ğŸ™ŒğŸ‘‡  HIT THE LINK! ğŸ‘‡
laliga	43625123	893	True	âš½ï¸ #LaLigaSantander & #LaLigaSmartBank âš½ï¸
espnfutbolarg	1473847	841	True	#LeoMessi En Primera Persona: una charla exclusiva con el Pollo Vignolo, disponible ahora en #StarPlusLA ğŸ‘‡ğŸ»ğŸ‘‡ğŸ»
silmazzolla	3377	1631	False	Maquilladora y caracterizadora @eltrecetv @todonoticias @quieromusicatv @ciudad_magazineğŸ–Œï¸ğŸ¨ğŸŒŸğŸŒˆ Vas a brillar
thebeautyconcept	33147	637	False	Centros de belleza integral. Expertos en diagnÃ³stico personalizado de piel y cabello. Medicina estÃ©tica.Spa RitzğŸ“ 914 669 187ğŸ“² Tienda onlineğŸ“Madrid
clinicabruselas	56531	421	False	LÃ­deres en Medicina y CirugÃ­a EstÃ©tica.ğŸ’«La ClÃ­nica de las CelebritiesğŸ’«â˜ï¸ 91 726 43 52Visita nuestro blogğŸ‘‡ğŸ¼
itismepaz	844	937	False	MarroquinerÃ­a a pedido y a consciencia/ atemporalEnvÃ­os a todo el paÃ­s ğŸ“«#itismepaz
elkaiseroriginal	1025965	2492	False	á´„á´á´á´œÉ´Éªá´…á´€á´… á´…á´‡ á´‡É´á´›Ê€á´‡á´›á´‡É´Éªá´Éªá´‡É´á´›á´ Ê á´…á´‡á´˜á´Ê€á´›á´‡ ğŸ‡¦ğŸ‡·á´„á´ - @fede_elkaiser
forzafootballapp	9650	753	False	Making the world of football a better place, and available for everyone.   ğŸ‘‡ Download our app
helenacondis	116837	1733	True	ğŸ™‹â€â™€âš½ Periodista deportivağŸ™@tiempodejuegocope @partidazocope âœˆ  Viajando con el #BarcÌ§ağŸŒ ğŸ–¥ @esport3 @goltv âœ‰ Helena.condis@youfirstsports.com
goltv	65598	13	True	Esto es fÃºtbol.
maxi.insua	1529	1091	False	Living in Madrid ğŸ‡ªğŸ‡¸ CEO @insuagroup âš½ï¸ğŸ’¼Intermediario registrado en la AFA @afa.oficial Contador PÃºblico de la UBA - Cum Laude @uba_ar
bolavipcom	118482	184	True	El fÃºtbol no descansa, la pasiÃ³n tampoco. No te pierdas nada. Somos LatinoamÃ©rica. ğŸ‡¦ğŸ‡· ğŸ‡§ğŸ‡· ğŸ‡µğŸ‡ª ğŸ‡ºğŸ‡¾ ğŸ‡§ğŸ‡´ ğŸ‡¨ğŸ‡± ğŸ‡¨ğŸ‡´ ğŸ‡»ğŸ‡ª ğŸ‡¨ğŸ‡· ğŸ‡ªğŸ‡¨ ğŸ‡µğŸ‡¾ ğŸ‡¸ğŸ‡» ğŸ‡¬ğŸ‡¹ ğŸ‡­ğŸ‡³
team.minabonino	961	163	False	ğŸŒ¿| ğ‘¯ğ’ğ’ğ’‚â€¢ğŸ•Šï¸|ğ‘·ğ’‚Ìğ’ˆğ’Šğ’ğ’‚ ğ’…ğ’† ğ’‡ğ’‚ğ’ğ’”â€¢ğŸŒ¿|ğ•¡ğ•£ğ•šğ•Ÿğ•”ğ•–ğ•¤ğ•’ ğŸ‘‰ğŸ»@minabonino ğŸ’šâš¡ğ™ğ™–ğ™™ğ™šğŸ‘©â€â¤ï¸â€ğŸ‘¨ // ğ˜½ğ™šğ™£ğ™ğ™˜ğ™ğ™¤ğŸ¤± âš¡
fedevalverde	7054014	153	True	Futbolista profesional del@realmadrid y @aufoficialğŸ‘Ÿ @nikefootball
tntsportsar	1503774	464	True	Todo el fÃºtbol de la Liga Profesional y el deporte argentino e internacional en un solo lugar âš½ï¸
libertadores	4950332	116	True	La CONMEBOL Libertadores, el torneo de fuÌtbol maÌs prestigioso de SudameÌrica.ğŸ‡§ğŸ‡·ğŸ‘‰ @libertadoresbrğŸ‡¬ğŸ‡§ğŸ‘‰ @thelibertadoresğŸ‡¸ğŸ‡¦ğŸ‘‰ @libertadoresarabic
jugadasuperliga	14219	451	False	Trivia oficial de la SuperLiga Argentina âš½#TRIVIAENVIVO Vuelven las trivias en vivo por grandes premios!
fulbo_fulbo	71323	83	False	UÌltimo video de Youtube ğŸ‘‡ğŸ¼. |
sebastianpollovignolo	835634	542	True	Periodista, relator y conductor #ESPNF90 #equipof @espnfutbolarg @espnargentina @pasionporelfutboloficial @eltrecetv Contacto: agamboa@condimo.com
tomi.davila	36053	986	False	-ğŸ‘¨ğŸ»â€ğŸ“ Licenciado en ComunicaciÃ³n Social -ğŸ™ğŸ“º @racingclub en #ESPN-ğŸ“ Buenos Aires, Argentina ğŸ‡¦ğŸ‡·
nico_raffo	134080	1088	False	ğŸ’°Inversor de Forex y Cryptoâ€¼ğ—œğ—ºğ—½ğ—®ğ—°ğ˜ğ—®ğ—»ğ—±ğ—¼ ğ˜ƒğ—¶ğ—±ğ—®ğ˜€âš½ï¸ RiverPlate ğŸ”¥Influencer#NicoRaffo
floppyseijas	809	991	False	No hay atajo hacia las estrellas!â­ï¸
elalesicumbiaok	360423	386	False	Conseguite un empleo honesto.âœ‰ï¸ elalesicumbiatwitter@hotmail.com
chapabidegain	823	2149	False	
marcesim	3731	4781	False	ğŸ¶ğŸ±ğŸ‘‰ğŸ»@soplodevida_   âš½ï¸âš½ï¸ğŸ‘‰ğŸ»@dodici_sm
matibaretta	1544	1738	False	Director Comercial de la FEF ğŸ‡ªğŸ‡¨. Ex Gerente de Marca de @riverplate. Padre de Roma. Licenciado. âš½ï¸
danimazzaok	2022	1308	False	Gerente de Relaciones Publicas  y Prensa Club AtleÌtico River Plate
guillermocoriaok	119337	4259	True	Co-Founder de @newpampasgg ğŸ”¥ğŸ¦Š | Ex Tenista Profesional |  CapitÃ¡n de la SelecciÃ³n Argentina de tenis ğŸ¾ ğŸ‡¦ğŸ‡·
bikimazza	3746	630	False	â€¢ @espnfutbolarg â€¢
elpibegrillo	18540	738	False	â€¢ River en @tntsportsarğŸ™â€¢ Twitter: @maxigrillo ğŸ¦â€¢ #lamaÃ±anadeRiver âšªğŸ”´âšªâ€¢ FanÃ¡tico de los quesos ğŸ§€
nacho_bezruk	14013	397	False	ğŸŸ¡ğŸ”µ Boca @tntsportsar @cnnradioargentina
wqueijeiro	180789	536	True	Periodista ğŸ‡¦ğŸ‡· Journalisthttps://www.tiktok.com/@wqueijeiro?_t=8VPlWs0Zyxa&_r=1
movelectrofitness	638	666	False	ğŸ“° EstimulaciÃ³n ElÃ©ctrica MuscularğŸ… Somos el entrenamiento del futuroâš¡ï¸ #electrofitnessâ„¹ #quilmes   ğŸ‘Š #saludğŸ‘‰ |RESERVÃ clase de prueba GRATIS|
dieleuco	503998	1486	True	Conductor. Periodista @telenoche @radiomitre @antesquenadie__
diegonavarropr	7912	7162	False	Del lado bueno.
juezcentral	433627	311	False	AnÃ©cdotas y datos curiosos del fÃºtbol mundial. Twitter: @Juezcentral Contacto: juezcentral@hotmail.com
morandolucas	25955	2323	False	ğŸ© Ex mago, hoy periodista.ğŸ’¡ Hablo sobre polÃ­tica ğŸ™ Estoy en @rivadavia630 ğŸ“º Y en @lanacionmas
pasionmillonariaoficial	493239	185	False	Cuenta del mÃ¡s grande âšªï¸ğŸ”´Admin: @federubi Publicidad al MD
miguelgane	388350	976	True	En persona soy maÌs guapo. ğŸ“–: Mi Ãºltimo libro: #OjosDeSol ğŸ’›: A LA VENTA ğŸ‘‡ğŸ¼
afaseleccion	7547737	79	True	Cuenta oficial de la SelecciÃ³n Argentina de fÃºtbol.Campeones de AmÃ©rica 2021 ğŸ†ğŸ‡¦ğŸ‡·
ligaprofesionalafa	1476597	47	True	Instagram oficial de la Liga Profesional de FuÌtbol de la AFA
afa.oficial	628938	10	True	Seguinos en www.twitter.com/AFA y en www.facebook.com/AFAOficial
offsideig	83894	7422	False	ğ—¥ğ—˜ğ—¦ğ—£ğ—œğ—¥ğ—”ğ— ğ—¢ğ—¦ ğ—™Ãšğ—§ğ—•ğ—¢ğ—Ÿ ğ——ğ—˜ğ—¦ğ——ğ—˜ ğŸ®ğŸ¬ğŸ­ğŸ³Twitter: @offsideigğŸš¨ ğ—¢ğ—™ğ—™ğ—¦ğ—œğ——ğ—˜ ğ—§ğ—© ğ—˜ğ—¡ ğ—¬ğ—¢ğ—¨ğ—§ğ—¨ğ—•ğ—˜ ğŸ˜‰
tessaroloenrico	5273	1812	False	#emprendedor
humodeprimeraoriginal	817000	2882	False	La muerte estÃ¡ al alcance de cualquiera, la Copa Libertadores no.
marnicolett	17787	1729	False	ğŸ“ğŸ‡ªğŸ‡¸ Mom ğŸ¥ ğŸ¥ ğŸ“šFutura licenciada ğŸ¤“.
mudmakeupdesign	30196	733	False	âœ¨ Creamos bellezağŸ’„ Studio y Academia de makeup y beauty servicesğŸ’‹ MUD Cosmetics - Cruelty FreeğŸ°ğŸ“ Brown 503, QuilmesğŸ“ Palermo HollywoodğŸ—“ TURNOS â¬‡ï¸
belladerm.ar	13354	1606	False	ğŸ“Bella Derm #Bernal & #QuilmesğŸ’…ğŸ» @bellanailsandlashes ğŸ› Conoce nuestra Tienda Online ğŸ‘‡ğŸ»
maritobaracus	1873406	1168	True	ğŸ“§ Maritobaracus@gmail.com Entradas para Chupa Pig ğŸ‘‡ğŸ¾
planetagoltyc	449168	96	True	Lunes a viernes a las 15:30 por @tycsports con la conducciÃ³n de @pablogonzalezsoy y @lavecchiafer. Ãšnica cuenta oficial del programa.
diario.ole	2148740	1047	True	Compartimos la pasiÃ³n
leanilliaok	19884	528	False	ğŸ“º Periodista Deportivo en @ip_noticias @nacionalam870 ğŸ™@relatoresconvos.
belulanosa	16181	2328	False	ProdÏ…cer - FÎ±Ñ•Ğ½Î¹oÉ´ SÑ‚ylÎ¹Ñ•Ñ‚ âœ¨ProducciÃ³n en @grupomassar
marianapaz.makeup	5049	1810	False	Noviasâ€¢ Socialesâ€¢ Moda & Editorialâ€¢cine&Tvâ€¢ cosmetologia â€¢Shop online ğŸš› envÃ­os a todo el paÃ­s @pazmetics Consultaspazmakeup@gmail
laureborahair	3355	2223	False	Peinadora ğŸ’‡â€â™€ï¸MaquilladorağŸ’„ En Artear @eltrecetv @todonoticias @ciudad_magazine @quieromusicatv y @storylabarg @tumusicahoy
fernandezcoco10	66933	1841	True	Senior media & entertainment executive Programming and acquisition - digital strategy content - Sports & lifestyle lover ğŸ“º ğŸƒğŸ½â€â™‚ï¸ğŸ˜
agustinneglia	323854	2559	True	Modo Selfie ğŸ¤³ğŸ» domingos 23.59hs Modo Foodie ğŸ¥˜ sÃ¡bados 00.30hs por Americaâœ‰ï¸: agustin@buena-estrella.com.ar
nachogoano	11726	215	False	Conductor radio y tv @canaldelaciudad #HoyNosToca @cronicatv #LaTardedeCronica @lc1am540 #NachoLibre
pampitook	93271	1431	True	PeriodistağŸ“º MaÃ±anisima - Ciudad MagazineğŸ“º Momento D - El TreceğŸ“» Soy Tan Biutiful - Pop Radio 101.5 ğŸ“± Ciudad - Ciudad.com